,precision,recall,f1-score,support
NEG,0.8412698412698413,0.531328320802005,0.6513056835637481,399.0
NEU,0.025341130604288498,0.9285714285714286,0.04933586337760911,14.0
POS,0.8946078431372549,0.48026315789473684,0.625,760.0
accuracy,0.5029838022165388,0.5029838022165388,0.5029838022165388,0.5029838022165388
macro avg,0.5870729383371281,0.6467209690893901,0.44188051564711905,1173.0
weighted avg,0.8660898578682357,0.5029838022165388,0.6270772973821159,1173.0
