,precision,recall,f1-score,support
NEG,0.782051282051282,0.7625,0.7721518987341772,80.0
NEU,0.0,0.0,0.0,3.0
POS,0.8662420382165605,0.8947368421052632,0.8802588996763754,152.0
accuracy,0.8382978723404255,0.8382978723404255,0.8382978723404255,0.8382978723404255
macro avg,0.5494311067559475,0.5524122807017543,0.5508035994701842,235.0
weighted avg,0.8265229462681692,0.8382978723404255,0.8322191687214605,235.0
