,precision,recall,f1-score,support
NEG,0.340153452685422,1.0,0.5076335877862596,399.0
NEU,0.0,0.0,0.0,14.0
POS,0.0,0.0,0.0,760.0
accuracy,0.340153452685422,0.340153452685422,0.340153452685422,0.340153452685422
macro avg,0.11338448422847401,0.3333333333333333,0.1692111959287532,1173.0
weighted avg,0.11570437137381363,0.340153452685422,0.17267331758458446,1173.0
