,precision,recall,f1-score,support
NEG,0.6744186046511628,0.725,0.6987951807228916,80.0
NEU,0.0,0.0,0.0,3.0
POS,0.8456375838926175,0.8289473684210527,0.8372093023255814,152.0
accuracy,0.7829787234042553,0.7829787234042553,0.7829787234042553,0.7829787234042553
macro avg,0.5066853961812601,0.5179824561403509,0.5120014943494909,235.0
weighted avg,0.776554898399025,0.7829787234042553,0.7794018230268924,235.0
